,win_rate,standard_error,n_wins,n_wins_base,n_draws,n_total,discrete_win_rate,mode,avg_length
pythia_2.8b_post_dpo_step_19968,58.01242236024845,1.4553392149001299,349,220,236,805,58.01242236024845,community,891
pythia_2.8b_post_dpo_step_139776,49.130434782608695,1.7265700131481074,379,393,33,805,49.130434782608695,community,1156
