,win_rate,standard_error,n_wins,n_wins_base,n_draws,n_total,discrete_win_rate,mode,avg_length
pythia_6.9b_post_dpo_step_80000,55.64102564102564,1.7212417598099292,409,321,50,780,55.64102564102564,community,1143
pythia_6.9b_post_dpo_step_160000,54.25,1.7288639588571721,419,351,30,800,54.25,community,1162
pythia_6.9b_post_dpo_step_120000,53.05105853051059,1.722164205882585,408,359,36,803,53.05105853051059,community,1166
pythia_6.9b_post_dpo_step_60000,52.90620871862616,1.7379577455384223,369,325,63,757,52.90620871862616,community,1137
pythia_6.9b_post_sft,50.0,0.0,0,0,805,805,50.0,community,935
