,win_rate,standard_error,n_wins,n_wins_base,n_draws,n_total,discrete_win_rate,mode,avg_length
pythia_2.8b_post_dpo_step_39936,56.58385093167701,1.312598887760596,283,177,345,805,56.58385093167701,community,849
pythia_2.8b_post_dpo_step_59904,55.15527950310559,1.3931154530055907,297,214,294,805,55.15527950310559,community,864
pythia_2.8b_post_dpo_step_19968,54.59627329192547,1.226108969262207,235,161,409,805,54.59627329192547,community,853
